{
  "project_info": {
    "project_number": "1039981999674",
    "project_id": "ecoupon-7a041",
    "storage_bucket": "ecoupon-7a041.appspot.com"
  },
  "client": [
    {
      "client_info": {
        "mobilesdk_app_id": "1:1039981999674:android:7882d0e478add03b102703",
        "android_client_info": {
          "package_name": "com.ejmia.eCoupon"
        }
      },
      "oauth_client": [],
      "api_key": [
        {
          "current_key": "AIzaSyAy5RbvL6QLMeHgB5sQQOthHVgW5GLI5ZY"
        }
      ],
      "services": {
        "appinvite_service": {
          "other_platform_oauth_client": []
        }
      }
    }
  ],
  "configuration_version": "1"
}